{
  "baseline_alert_count_test_rows": 31200,
  "cascade_default_alert_count_test_rows": 24895,
  "cascade_tuned_alert_count_test_rows": 15153,
  "stage3_improved_alert_count_test_rows": 6594,
  "stage3_relaxed_alert_count_test_rows": 13713,
  "stage3_medium_alert_count_test_rows": 7286,
  "stage3_strict_alert_count_test_rows": 61,
  "baseline_vs_default_alert_reduction_count": 6305,
  "baseline_vs_default_alert_reduction_ratio": 0.20208333333333334,
  "baseline_vs_tuned_alert_reduction_count": 16047,
  "baseline_vs_tuned_alert_reduction_ratio": 0.5143269230769231,
  "baseline_vs_stage3_improved_alert_reduction_count": 24606,
  "baseline_vs_stage3_improved_alert_reduction_ratio": 0.7886538461538461,
  "baseline_vs_stage3_relaxed_alert_reduction_count": 17487,
  "baseline_vs_stage3_relaxed_alert_reduction_ratio": 0.5604807692307693,
  "baseline_vs_stage3_medium_alert_reduction_count": 23914,
  "baseline_vs_stage3_medium_alert_reduction_ratio": 0.766474358974359,
  "baseline_vs_stage3_strict_alert_reduction_count": 31139,
  "baseline_vs_stage3_strict_alert_reduction_ratio": 0.9980448717948718,
  "default_vs_tuned_alert_change_count": 9742,
  "tuned_vs_stage3_improved_alert_change_count": 8559,
  "tuned_vs_stage3_relaxed_alert_change_count": 1440,
  "tuned_vs_stage3_medium_alert_change_count": 7867,
  "tuned_vs_stage3_strict_alert_change_count": 15092,
  "baseline_precision": 0.003782051282051282,
  "baseline_recall": 1.0,
  "baseline_f1": 0.00753560252889712,
  "cascade_default_precision": 0.0030929905603534844,
  "cascade_default_recall": 0.652542372881356,
  "cascade_default_f1": 0.006156798464798305,
  "cascade_tuned_precision": 0.005345476143337953,
  "cascade_tuned_recall": 0.6864406779661016,
  "cascade_tuned_f1": 0.01060834261017615,
  "stage3_improved_precision": 0.010615711252653927,
  "stage3_improved_recall": 0.5932203389830508,
  "stage3_improved_f1": 0.020858164481525627,
  "stage3_relaxed_precision": 0.005833880259607672,
  "stage3_relaxed_recall": 0.6779661016949152,
  "stage3_relaxed_f1": 0.01156821632564529,
  "stage3_medium_precision": 0.010705462530881142,
  "stage3_medium_recall": 0.6610169491525424,
  "stage3_medium_f1": 0.02106969205834684,
  "stage3_strict_precision": 0.4426229508196721,
  "stage3_strict_recall": 0.2288135593220339,
  "stage3_strict_f1": 0.3016759776536313,
  "best_model_by_precision": "stage3_strict",
  "best_model_by_recall": "baseline",
  "best_model_by_f1": "stage3_strict",
  "best_model_by_alert_reduction": "stage3_strict",
  "baseline_truth_hash": "037e9f5d72e863d7dadd18c875afe056081c5c4d51cd70bf601b686a10524680",
  "baseline_truth_path": "/workspace/artifacts/truths/gold_baseline/pump__gold_baseline__truth__037e9f5d72e863d7dadd18c875afe056081c5c4d51cd70bf601b686a10524680.json",
  "cascade_default_truth_hash": "12b1b672ddcc24b120176eed5f06f90b6ae8281b02a982bbdecb05a9d8e0894d",
  "cascade_default_truth_path": "/workspace/artifacts/truths/gold_cascade/pump__gold_cascade__truth__12b1b672ddcc24b120176eed5f06f90b6ae8281b02a982bbdecb05a9d8e0894d.json",
  "cascade_tuned_truth_hash": "7e5e42a31f4de10585fbb3109db47dfe29d77f2d4c5f2512a4ad094e9139b755",
  "cascade_tuned_truth_path": "/workspace/artifacts/truths/gold_cascade/pump__gold_cascade__truth__7e5e42a31f4de10585fbb3109db47dfe29d77f2d4c5f2512a4ad094e9139b755.json",
  "cascade_stage3_improved_truth_hash": "e20116344f9d2c9b22049b508942fd08f4d4e40992b7b2b43ccfc613db2e5217",
  "cascade_stage3_improved_truth_path": "/workspace/artifacts/truths/gold_cascade/pump__gold_cascade__truth__e20116344f9d2c9b22049b508942fd08f4d4e40992b7b2b43ccfc613db2e5217.json",
  "gold_truth_hash": "1b39755619d21614721b74a063b90aceddebaa1f4b857393db937f146eccbec5",
  "gold_truth_path": "/workspace/artifacts/truths/gold/pump__gold__truth__1b39755619d21614721b74a063b90aceddebaa1f4b857393db937f146eccbec5.json",
  "gold_process_run_id": "gold_process__20260614T233251Z",
  "gold_feature_set_id": "feature_set__bea5fdd737ae53fcd80ca84cafcd0c40",
  "comparison_truth_hash": "cbdd90263637a46c7caaeee7e63f108b3db28bb436eec1b96d747cded90f4469",
  "comparison_truth_path": "/workspace/artifacts/truths/gold_comparison/pump__gold_comparison__truth__cbdd90263637a46c7caaeee7e63f108b3db28bb436eec1b96d747cded90f4469.json",
  "comparison_process_run_id": "gold_comparison__20260615T040003Z"
}