{
  "baseline_alert_count_test_rows": 31200,
  "cascade_default_alert_count_test_rows": 24895,
  "cascade_tuned_alert_count_test_rows": 15153,
  "stage3_improved_alert_count_test_rows": 6594,
  "stage3_relaxed_alert_count_test_rows": 13713,
  "stage3_medium_alert_count_test_rows": 7286,
  "stage3_strict_alert_count_test_rows": 61,
  "baseline_vs_default_alert_reduction_count": 6305,
  "baseline_vs_default_alert_reduction_ratio": 0.20208333333333334,
  "baseline_vs_tuned_alert_reduction_count": 16047,
  "baseline_vs_tuned_alert_reduction_ratio": 0.5143269230769231,
  "baseline_vs_stage3_improved_alert_reduction_count": 24606,
  "baseline_vs_stage3_improved_alert_reduction_ratio": 0.7886538461538461,
  "baseline_vs_stage3_relaxed_alert_reduction_count": 17487,
  "baseline_vs_stage3_relaxed_alert_reduction_ratio": 0.5604807692307693,
  "baseline_vs_stage3_medium_alert_reduction_count": 23914,
  "baseline_vs_stage3_medium_alert_reduction_ratio": 0.766474358974359,
  "baseline_vs_stage3_strict_alert_reduction_count": 31139,
  "baseline_vs_stage3_strict_alert_reduction_ratio": 0.9980448717948718,
  "default_vs_tuned_alert_change_count": 9742,
  "tuned_vs_stage3_improved_alert_change_count": 8559,
  "tuned_vs_stage3_relaxed_alert_change_count": 1440,
  "tuned_vs_stage3_medium_alert_change_count": 7867,
  "tuned_vs_stage3_strict_alert_change_count": 15092,
  "baseline_precision": 0.003782051282051282,
  "baseline_recall": 1.0,
  "baseline_f1": 0.00753560252889712,
  "cascade_default_precision": 0.0030929905603534844,
  "cascade_default_recall": 0.652542372881356,
  "cascade_default_f1": 0.006156798464798305,
  "cascade_tuned_precision": 0.005345476143337953,
  "cascade_tuned_recall": 0.6864406779661016,
  "cascade_tuned_f1": 0.01060834261017615,
  "stage3_improved_precision": 0.010615711252653927,
  "stage3_improved_recall": 0.5932203389830508,
  "stage3_improved_f1": 0.020858164481525627,
  "stage3_relaxed_precision": 0.005833880259607672,
  "stage3_relaxed_recall": 0.6779661016949152,
  "stage3_relaxed_f1": 0.01156821632564529,
  "stage3_medium_precision": 0.010705462530881142,
  "stage3_medium_recall": 0.6610169491525424,
  "stage3_medium_f1": 0.02106969205834684,
  "stage3_strict_precision": 0.4426229508196721,
  "stage3_strict_recall": 0.2288135593220339,
  "stage3_strict_f1": 0.3016759776536313,
  "best_model_by_precision": "stage3_strict",
  "best_model_by_recall": "baseline",
  "best_model_by_f1": "stage3_strict",
  "best_model_by_alert_reduction": "stage3_strict",
  "baseline_truth_hash": "b312ad275ff8617dedb6c97ff1257579cf8be2177f9e890d509ac45279e4708b",
  "baseline_truth_path": "/workspace/artifacts/truths/gold_baseline/pump__gold_baseline__truth__b312ad275ff8617dedb6c97ff1257579cf8be2177f9e890d509ac45279e4708b.json",
  "cascade_default_truth_hash": "9149f94de90c9fe02cb38d174b4ed33bfbd373a99a197fce72081ffb84ea9dff",
  "cascade_default_truth_path": "/workspace/artifacts/truths/gold_cascade/pump__gold_cascade__truth__9149f94de90c9fe02cb38d174b4ed33bfbd373a99a197fce72081ffb84ea9dff.json",
  "cascade_tuned_truth_hash": "d532c219d2ad6aad6c6d8203e68f03a1a3eb62b3bba3deb4ac0ebec3d2883ef9",
  "cascade_tuned_truth_path": "/workspace/artifacts/truths/gold_cascade/pump__gold_cascade__truth__d532c219d2ad6aad6c6d8203e68f03a1a3eb62b3bba3deb4ac0ebec3d2883ef9.json",
  "cascade_stage3_improved_truth_hash": "0ef1bb5afef08a7a98ea4402d44b55f6e7e6575ff7508415d9503de5b68f0bb4",
  "cascade_stage3_improved_truth_path": "/workspace/artifacts/truths/gold_cascade/pump__gold_cascade__truth__0ef1bb5afef08a7a98ea4402d44b55f6e7e6575ff7508415d9503de5b68f0bb4.json",
  "gold_truth_hash": "4ea4d29ab8aae5106e59b8b3c4b3067eb14c94a07d4c0610a1eac43840de7202",
  "gold_truth_path": "/workspace/artifacts/truths/gold/pump__gold__truth__4ea4d29ab8aae5106e59b8b3c4b3067eb14c94a07d4c0610a1eac43840de7202.json",
  "gold_process_run_id": "gold_process__20260609T053755Z",
  "gold_feature_set_id": "feature_set__bea5fdd737ae53fcd80ca84cafcd0c40",
  "comparison_truth_hash": "a5b05b0c1a9dac1dcece42479eafe4867cbe7c659d6006bd8055ed64c19dcfd3",
  "comparison_truth_path": "/workspace/artifacts/truths/gold_comparison/pump__gold_comparison__truth__a5b05b0c1a9dac1dcece42479eafe4867cbe7c659d6006bd8055ed64c19dcfd3.json",
  "comparison_process_run_id": "gold_comparison__20260609T065451Z"
}