{
  "comparison_name": "Stage 3 Improved",
  "comparison_flag_column": "cascade_final_flag",
  "baseline_counts": {
    "tp": 118,
    "fp": 31082,
    "tn": 52689,
    "fn": 0,
    "precision": 0.003782051282051282,
    "recall": 1.0,
    "f1": 0.00753560252889712,
    "false_positive_rate": 0.37103532248630194
  },
  "comparison_counts": {
    "tp": 70,
    "fp": 6524,
    "tn": 77247,
    "fn": 48,
    "precision": 0.010615711252653927,
    "recall": 0.5932203389830508,
    "f1": 0.020858164481525623,
    "false_positive_rate": 0.07787897959914529
  },
  "mcnemar": {
    "test_method": "McNemar chi-square approximation",
    "paired_test_rows": 83889,
    "both_correct": 51778,
    "baseline_correct_comparison_wrong": 1029,
    "baseline_wrong_comparison_correct": 25539,
    "both_wrong": 5543,
    "discordant_count": 26568,
    "mcnemar_statistic": 22609.570950015055,
    "mcnemar_p_value": 0.0,
    "contingency_table": [
      [
        51778,
        1029
      ],
      [
        25539,
        5543
      ]
    ]
  },
  "false_positive_rate_z_test": {
    "proportion_a": 0.37103532248630194,
    "proportion_b": 0.07787897959914529,
    "difference_a_minus_b": 0.29315634288715664,
    "relative_reduction_from_a": 0.790103596937134,
    "z_statistic": 143.80087389781292,
    "p_value": 0.0
  },
  "precision_z_test": {
    "proportion_a": 0.003782051282051282,
    "proportion_b": 0.010615711252653927,
    "difference_a_minus_b": -0.006833659970602646,
    "relative_reduction_from_a": -1.8068660261254454,
    "z_statistic": -7.166532383433468,
    "p_value": 3.8460605288534235e-13
  }
}