model_id,model_label,source_notebook,flag_column,score_column,alert_count_test_rows,test_rows,test_anomaly_rows,precision,recall,f1,tn,fp,fn,tp,roc_auc,pr_auc
baseline,Baseline IsolationForest,gold_02,baseline_flag,baseline_score,31200,83889,118,0.003782051282051282,1.0,0.00753560252889712,52689,31082,0,118,0.9406852498811833,0.12201014363272505
cascade_default,Cascade Default,gold_03a,cascade_final_flag,stage2_score,24896,83889,118,0.003092866323907455,0.652542372881356,0.006156552330694811,58952,24819,41,77,0.6505850594710478,0.0037470961167639137
cascade_tuned,Cascade Tuned,gold_03b,cascade_final_flag,stage2_score,15153,83889,118,0.005345476143337953,0.6864406779661016,0.01060834261017615,68699,15072,37,81,0.7251135005055145,0.005453192019561953
stage3_improved,Stage 3 Improved,gold_03c,cascade_final_flag,stage3_weighted_score,6594,83889,118,0.010615711252653927,0.5932203389830508,0.020858164481525627,77247,6524,48,70,0.8505019434539965,0.10724550894351101
stage3_relaxed,Stage 3 Relaxed,gold_03c,cascade_stage3_relaxed_flag,stage3_weighted_score,13713,83889,118,0.005833880259607672,0.6779661016949152,0.01156821632564529,70138,13633,38,80,0.8505019434539965,0.10724550894351101
stage3_medium,Stage 3 Medium,gold_03c,cascade_stage3_medium_flag,stage3_weighted_score,7287,83889,118,0.01070399341292713,0.6610169491525424,0.021066846725185686,76562,7209,40,78,0.8505019434539965,0.10724550894351101
stage3_strict,Stage 3 Strict,gold_03c,cascade_stage3_strict_flag,stage3_weighted_score,61,83889,118,0.4426229508196721,0.2288135593220339,0.3016759776536313,83737,34,91,27,0.8505019434539965,0.10724550894351101
