component,explained_variance_ratio,cumulative_explained_variance_ratio
PC1,0.8565777797824984,0.8565777797824984
PC2,0.10767776278522838,0.9642555425677267
