meta__episode_id,normal,normal_percent,failure,failure_percent,recovery,recovery_percent,episode_total_rows
0,17155,0.94779,1,5.5e-05,944,0.052155,18100
1,6410,0.673249,1,0.000105,3110,0.326646,9521
2,41697,0.969472,1,2.3e-05,1312,0.030505,43010
3,7159,0.921958,1,0.000129,605,0.077914,7765
4,49644,0.855415,1,1.7e-05,8390,0.144568,58035
5,4700,0.991143,1,0.000211,41,0.008646,4742
6,25267,0.997001,1,3.9e-05,75,0.002959,25343
7,53804,1.0,0,0.0,0,0.0,53804
