model_id,model,variant_family,stage3_mode,alert_count_test_rows,precision,recall,f1,stage_truth_hash,parent_gold_truth_hash,meta__truth_hash,meta__parent_truth_hash,meta__pipeline_mode
baseline,Baseline IsolationForest,baseline,none,1522,0.04664914586070959,0.6016949152542372,0.08658536585365853,23cfdf317382ede4f2e9a130d2b3a7b6c3aa59f96b394c4e4e22de3c9f70c644,d6c00152ed2f56139b4292f313a83aace2cfed3514a960c466053606a9f0be4e,4344b141102f7971503aa103c01a8dce42534f6143a2e4cc804ebfc824ce1590,d6c00152ed2f56139b4292f313a83aace2cfed3514a960c466053606a9f0be4e,batch
cascade_default,Cascade Default,cascade,none,1166,0.05574614065180103,0.5508474576271186,0.10124610591900311,de2f210c6130856e2b88eaa5a247edb789e308d0056d2cbd63c1e1fcdb8c2372,d6c00152ed2f56139b4292f313a83aace2cfed3514a960c466053606a9f0be4e,4344b141102f7971503aa103c01a8dce42534f6143a2e4cc804ebfc824ce1590,d6c00152ed2f56139b4292f313a83aace2cfed3514a960c466053606a9f0be4e,batch
cascade_tuned,Cascade Tuned,cascade,none,646,0.09287925696594428,0.5084745762711864,0.15706806282722513,b17494b47d57b2187cc155fbf36ac428aa2dd04b0fa916a4ce847a7ad973a527,d6c00152ed2f56139b4292f313a83aace2cfed3514a960c466053606a9f0be4e,4344b141102f7971503aa103c01a8dce42534f6143a2e4cc804ebfc824ce1590,d6c00152ed2f56139b4292f313a83aace2cfed3514a960c466053606a9f0be4e,batch
stage3_relaxed,Stage 3 Relaxed,cascade_stage3,relaxed,646,0.09287925696594428,0.5084745762711864,0.15706806282722513,0278e56e65c16c12de78e2d5f55d33d68aaac97fc4f94858ed1dfb596174cda9,d6c00152ed2f56139b4292f313a83aace2cfed3514a960c466053606a9f0be4e,4344b141102f7971503aa103c01a8dce42534f6143a2e4cc804ebfc824ce1590,d6c00152ed2f56139b4292f313a83aace2cfed3514a960c466053606a9f0be4e,batch
stage3_medium,Stage 3 Medium,cascade_stage3,medium,579,0.09844559585492228,0.4830508474576271,0.16355810616929697,0278e56e65c16c12de78e2d5f55d33d68aaac97fc4f94858ed1dfb596174cda9,d6c00152ed2f56139b4292f313a83aace2cfed3514a960c466053606a9f0be4e,4344b141102f7971503aa103c01a8dce42534f6143a2e4cc804ebfc824ce1590,d6c00152ed2f56139b4292f313a83aace2cfed3514a960c466053606a9f0be4e,batch
stage3_strict,Stage 3 Strict,cascade_stage3,strict,111,0.23423423423423423,0.22033898305084745,0.22707423580786026,0278e56e65c16c12de78e2d5f55d33d68aaac97fc4f94858ed1dfb596174cda9,d6c00152ed2f56139b4292f313a83aace2cfed3514a960c466053606a9f0be4e,4344b141102f7971503aa103c01a8dce42534f6143a2e4cc804ebfc824ce1590,d6c00152ed2f56139b4292f313a83aace2cfed3514a960c466053606a9f0be4e,batch
