{
  "baseline_alert_count_test_rows": 1522,
  "cascade_defaults_stage1_alert_count_test_rows": 2288,
  "cascade_defaults_stage2_alert_count_test_rows": 1176,
  "cascade_defaults_final_cascade_alert_count_test_rows": 1166,
  "cascade_tuned_stage1_alert_count_test_rows": 2288,
  "cascade_tuned_stage2_alert_count_test_rows": 648,
  "cascade_tuned_final_cascade_alert_count_test_rows": 646,
  "cascade_stage3_improved_stage1_alert_count_test_rows": 2288,
  "cascade_stage3_improved_stage2_alert_count_test_rows": 648,
  "cascade_stage3_improved_final_cascade_alert_count_test_rows": 543,
  "baseline_vs_default_alert_reduction_count": 356,
  "baseline_vs_default_alert_reduction_ratio": 0.23390275952693823,
  "baseline_vs_tuned_alert_reduction_count": 876,
  "baseline_vs_tuned_alert_reduction_ratio": 0.5755584756898817,
  "baseline_vs_stage3_improved_alert_reduction_count": 979,
  "baseline_vs_stage3_improved_alert_reduction_ratio": 0.6432325886990802,
  "baseline_precision": 0.04664914586070959,
  "baseline_recall": 0.6016949152542372,
  "baseline_f1": 0.08658536585365853,
  "cascade_defaults_precision": 0.05574614065180103,
  "cascade_defaults_recall": 0.5508474576271186,
  "cascade_defaults_f1": 0.10124610591900311,
  "cascade_tuned_precision": 0.09287925696594428,
  "cascade_tuned_recall": 0.5084745762711864,
  "cascade_tuned_f1": 0.15706806282722513,
  "cascade_stage3_improved_precision": 0.06445672191528545,
  "cascade_stage3_improved_recall": 0.2966101694915254,
  "cascade_stage3_improved_f1": 0.1059001512859304,
  "baseline_truth_hash": "c03a2caa627b6c35a025fca24795f3d823e8ccd3c1ef5a471284c9904e7b1fd6",
  "baseline_truth_path": "/workspace/artifacts/truths/gold_baseline/pump__gold_baseline__truth__c03a2caa627b6c35a025fca24795f3d823e8ccd3c1ef5a471284c9904e7b1fd6.json",
  "cascade_defaults_truth_hash": "4ca83dd98b3749d75e93771878403f0c4de2eb635699591fdaf1d188645b1c44",
  "cascade_defaults_truth_path": "/workspace/artifacts/truths/gold_cascade/pump__gold_cascade__truth__4ca83dd98b3749d75e93771878403f0c4de2eb635699591fdaf1d188645b1c44.json",
  "cascade_defaults_results_truth_hash": "4ca83dd98b3749d75e93771878403f0c4de2eb635699591fdaf1d188645b1c44",
  "cascade_tuned_truth_hash": "7adfda2b0db4b2f468225af8ad1e0c10e172be0688272668dab797bc9711d977",
  "cascade_tuned_truth_path": "/workspace/artifacts/truths/gold_cascade/pump__gold_cascade__truth__7adfda2b0db4b2f468225af8ad1e0c10e172be0688272668dab797bc9711d977.json",
  "cascade_tuned_results_truth_hash": "7adfda2b0db4b2f468225af8ad1e0c10e172be0688272668dab797bc9711d977",
  "cascade_stage3_improved_truth_hash": "de92441a0cbfec9a6b17c6ecf726b527ed0e15bd732a6e52db4981e3f27fd53b",
  "cascade_stage3_improved_truth_path": "/workspace/artifacts/truths/gold_cascade/pump__gold_cascade__truth__de92441a0cbfec9a6b17c6ecf726b527ed0e15bd732a6e52db4981e3f27fd53b.json",
  "cascade_stage3_improved_results_truth_hash": "de92441a0cbfec9a6b17c6ecf726b527ed0e15bd732a6e52db4981e3f27fd53b",
  "gold_truth_hash": "8a62f44686a717446607a3d0303285188fa60d19339eef92a626f729f6333117",
  "gold_truth_path": "/workspace/artifacts/truths/gold/pump__gold__truth__8a62f44686a717446607a3d0303285188fa60d19339eef92a626f729f6333117.json",
  "gold_process_run_id": "gold_process__20260322T081446Z",
  "gold_feature_set_id": "feature_set__bea5fdd737ae53fcd80ca84cafcd0c40",
  "comparison_truth_hash": "6bf357880358a3b32014f8f45cde1421e1f6d456fa64d17f1db12768cabef588",
  "comparison_truth_path": "/workspace/artifacts/truths/gold_comparison/pump__gold_comparison__truth__6bf357880358a3b32014f8f45cde1421e1f6d456fa64d17f1db12768cabef588.json",
  "comparison_process_run_id": "gold_comparision__20260323T051833Z"
}