{
  "baseline_alert_count_test_rows": 31200,
  "cascade_default_alert_count_test_rows": 24894,
  "cascade_tuned_alert_count_test_rows": 15153,
  "stage3_improved_alert_count_test_rows": 6594,
  "stage3_relaxed_alert_count_test_rows": 13713,
  "stage3_medium_alert_count_test_rows": 7286,
  "stage3_strict_alert_count_test_rows": 61,
  "baseline_vs_default_alert_reduction_count": 6306,
  "baseline_vs_default_alert_reduction_ratio": 0.2021153846153846,
  "baseline_vs_tuned_alert_reduction_count": 16047,
  "baseline_vs_tuned_alert_reduction_ratio": 0.5143269230769231,
  "baseline_vs_stage3_improved_alert_reduction_count": 24606,
  "baseline_vs_stage3_improved_alert_reduction_ratio": 0.7886538461538461,
  "baseline_vs_stage3_relaxed_alert_reduction_count": 17487,
  "baseline_vs_stage3_relaxed_alert_reduction_ratio": 0.5604807692307693,
  "baseline_vs_stage3_medium_alert_reduction_count": 23914,
  "baseline_vs_stage3_medium_alert_reduction_ratio": 0.766474358974359,
  "baseline_vs_stage3_strict_alert_reduction_count": 31139,
  "baseline_vs_stage3_strict_alert_reduction_ratio": 0.9980448717948718,
  "default_vs_tuned_alert_change_count": 9741,
  "tuned_vs_stage3_improved_alert_change_count": 8559,
  "tuned_vs_stage3_relaxed_alert_change_count": 1440,
  "tuned_vs_stage3_medium_alert_change_count": 7867,
  "tuned_vs_stage3_strict_alert_change_count": 15092,
  "baseline_precision": 0.003782051282051282,
  "baseline_recall": 1.0,
  "baseline_f1": 0.00753560252889712,
  "cascade_default_precision": 0.0030931148067807504,
  "cascade_default_recall": 0.652542372881356,
  "cascade_default_f1": 0.00615704461858308,
  "cascade_tuned_precision": 0.005345476143337953,
  "cascade_tuned_recall": 0.6864406779661016,
  "cascade_tuned_f1": 0.01060834261017615,
  "stage3_improved_precision": 0.010615711252653927,
  "stage3_improved_recall": 0.5932203389830508,
  "stage3_improved_f1": 0.020858164481525627,
  "stage3_relaxed_precision": 0.005833880259607672,
  "stage3_relaxed_recall": 0.6779661016949152,
  "stage3_relaxed_f1": 0.01156821632564529,
  "stage3_medium_precision": 0.010705462530881142,
  "stage3_medium_recall": 0.6610169491525424,
  "stage3_medium_f1": 0.02106969205834684,
  "stage3_strict_precision": 0.4426229508196721,
  "stage3_strict_recall": 0.2288135593220339,
  "stage3_strict_f1": 0.3016759776536313,
  "best_model_by_precision": "stage3_strict",
  "best_model_by_recall": "baseline",
  "best_model_by_f1": "stage3_strict",
  "best_model_by_alert_reduction": "stage3_strict",
  "baseline_truth_hash": "fda889f2fb0e1f2a82bbc084fd41003618f7022a464d64c8af7b1273383e8cba",
  "baseline_truth_path": "/workspace/artifacts/truths/gold_baseline/pump__gold_baseline__truth__fda889f2fb0e1f2a82bbc084fd41003618f7022a464d64c8af7b1273383e8cba.json",
  "cascade_default_truth_hash": "6c545acc43e2c65e0d79cd72737ff816629933762feb4007d80687e01cc13698",
  "cascade_default_truth_path": "/workspace/artifacts/truths/gold_cascade/pump__gold_cascade__truth__6c545acc43e2c65e0d79cd72737ff816629933762feb4007d80687e01cc13698.json",
  "cascade_tuned_truth_hash": "08cc64f46ce0d99ad45b0c7294ae2a633abb67aa78d0fea5c3b9c7609b3b50f7",
  "cascade_tuned_truth_path": "/workspace/artifacts/truths/gold_cascade/pump__gold_cascade__truth__08cc64f46ce0d99ad45b0c7294ae2a633abb67aa78d0fea5c3b9c7609b3b50f7.json",
  "cascade_stage3_improved_truth_hash": "c6ce5e0f6e4064b664274745bbf340a220b5d53afb7b35352461a1319ea42e87",
  "cascade_stage3_improved_truth_path": "/workspace/artifacts/truths/gold_cascade/pump__gold_cascade__truth__c6ce5e0f6e4064b664274745bbf340a220b5d53afb7b35352461a1319ea42e87.json",
  "gold_truth_hash": "14e102b74fc10d423853d71e4fc2ce83d4e79997763addf4a8e38fe2b96835cc",
  "gold_truth_path": "/workspace/artifacts/truths/gold/pump__gold__truth__14e102b74fc10d423853d71e4fc2ce83d4e79997763addf4a8e38fe2b96835cc.json",
  "gold_process_run_id": "gold_process__20260509T231520Z",
  "gold_feature_set_id": "feature_set__bea5fdd737ae53fcd80ca84cafcd0c40",
  "comparison_truth_hash": "9bed8d56b8d172cdbe1324b146cace07ccc7e7ca41cd6a7e078e92be13a3f725",
  "comparison_truth_path": "/workspace/artifacts/truths/gold_comparison/pump__gold_comparison__truth__9bed8d56b8d172cdbe1324b146cace07ccc7e7ca41cd6a7e078e92be13a3f725.json",
  "comparison_process_run_id": "gold_comparison__20260510T023852Z"
}