model_id,model,variant_family,stage3_mode,alert_count_test_rows,precision,recall,f1,stage_truth_hash,parent_gold_truth_hash,meta__truth_hash,meta__parent_truth_hash,meta__pipeline_mode
baseline,Baseline IsolationForest,baseline,none,31200,0.003782051282051282,1.0,0.00753560252889712,f9afef1dc475a059d42d965f1ba47359920e0843834199b3ba6fe37f98e000d6,8bcaa53e4b2575ec9b583b5b22882027eeed91208f9979cafa5b273cf1841a1f,2b6ee32bd99485a0ad19ecfd004b1ed01f6f3fcbf7131ea3d6a36d8c113a1c68,8bcaa53e4b2575ec9b583b5b22882027eeed91208f9979cafa5b273cf1841a1f,batch
cascade_default,Cascade Default,cascade,none,24894,0.0030931148067807504,0.652542372881356,0.00615704461858308,55875f15352fe57e001786c6752d15a158e856bfaa5b5fc4eada7fe43a0675d2,8bcaa53e4b2575ec9b583b5b22882027eeed91208f9979cafa5b273cf1841a1f,2b6ee32bd99485a0ad19ecfd004b1ed01f6f3fcbf7131ea3d6a36d8c113a1c68,8bcaa53e4b2575ec9b583b5b22882027eeed91208f9979cafa5b273cf1841a1f,batch
cascade_tuned,Cascade Tuned,cascade,none,15153,0.005345476143337953,0.6864406779661016,0.01060834261017615,5f529023f901ae361b587563879aaa159594fbb406f18d98ac1007a989e22ea4,8bcaa53e4b2575ec9b583b5b22882027eeed91208f9979cafa5b273cf1841a1f,2b6ee32bd99485a0ad19ecfd004b1ed01f6f3fcbf7131ea3d6a36d8c113a1c68,8bcaa53e4b2575ec9b583b5b22882027eeed91208f9979cafa5b273cf1841a1f,batch
stage3_relaxed,Stage 3 Relaxed,cascade_stage3,relaxed,13713,0.005833880259607672,0.6779661016949152,0.01156821632564529,09d9b14b91c9c6170910f4dbfce3d1e6955087ef17bf98ee716ca4412d8abb00,8bcaa53e4b2575ec9b583b5b22882027eeed91208f9979cafa5b273cf1841a1f,2b6ee32bd99485a0ad19ecfd004b1ed01f6f3fcbf7131ea3d6a36d8c113a1c68,8bcaa53e4b2575ec9b583b5b22882027eeed91208f9979cafa5b273cf1841a1f,batch
stage3_medium,Stage 3 Medium,cascade_stage3,medium,7286,0.010705462530881142,0.6610169491525424,0.02106969205834684,09d9b14b91c9c6170910f4dbfce3d1e6955087ef17bf98ee716ca4412d8abb00,8bcaa53e4b2575ec9b583b5b22882027eeed91208f9979cafa5b273cf1841a1f,2b6ee32bd99485a0ad19ecfd004b1ed01f6f3fcbf7131ea3d6a36d8c113a1c68,8bcaa53e4b2575ec9b583b5b22882027eeed91208f9979cafa5b273cf1841a1f,batch
stage3_strict,Stage 3 Strict,cascade_stage3,strict,61,0.4426229508196721,0.2288135593220339,0.3016759776536313,09d9b14b91c9c6170910f4dbfce3d1e6955087ef17bf98ee716ca4412d8abb00,8bcaa53e4b2575ec9b583b5b22882027eeed91208f9979cafa5b273cf1841a1f,2b6ee32bd99485a0ad19ecfd004b1ed01f6f3fcbf7131ea3d6a36d8c113a1c68,8bcaa53e4b2575ec9b583b5b22882027eeed91208f9979cafa5b273cf1841a1f,batch
