model_id,model,variant_family,stage3_mode,alert_count_test_rows,precision,recall,f1,stage_truth_hash,parent_gold_truth_hash,meta__truth_hash,meta__parent_truth_hash,meta__pipeline_mode
baseline,Baseline IsolationForest,baseline,none,1522,0.04664914586070959,0.6016949152542372,0.08658536585365853,c03a2caa627b6c35a025fca24795f3d823e8ccd3c1ef5a471284c9904e7b1fd6,8a62f44686a717446607a3d0303285188fa60d19339eef92a626f729f6333117,c4c80247934b86c0254ae525e3183365e46fa8f51821cd4f3478a918df01ecbc,8a62f44686a717446607a3d0303285188fa60d19339eef92a626f729f6333117,batch
cascade_default,Cascade Default,cascade,none,1166,0.05574614065180103,0.5508474576271186,0.10124610591900311,4ca83dd98b3749d75e93771878403f0c4de2eb635699591fdaf1d188645b1c44,8a62f44686a717446607a3d0303285188fa60d19339eef92a626f729f6333117,c4c80247934b86c0254ae525e3183365e46fa8f51821cd4f3478a918df01ecbc,8a62f44686a717446607a3d0303285188fa60d19339eef92a626f729f6333117,batch
cascade_tuned,Cascade Tuned,cascade,none,646,0.09287925696594428,0.5084745762711864,0.15706806282722513,7adfda2b0db4b2f468225af8ad1e0c10e172be0688272668dab797bc9711d977,8a62f44686a717446607a3d0303285188fa60d19339eef92a626f729f6333117,c4c80247934b86c0254ae525e3183365e46fa8f51821cd4f3478a918df01ecbc,8a62f44686a717446607a3d0303285188fa60d19339eef92a626f729f6333117,batch
stage3_relaxed,Stage 3 Relaxed,cascade_stage3,relaxed,648,,,,92e0d51aa2536a9417b3721ee4f15c058c43f347bb3a9086aa9239c61ab6a9ca,8a62f44686a717446607a3d0303285188fa60d19339eef92a626f729f6333117,c4c80247934b86c0254ae525e3183365e46fa8f51821cd4f3478a918df01ecbc,8a62f44686a717446607a3d0303285188fa60d19339eef92a626f729f6333117,batch
stage3_medium,Stage 3 Medium,cascade_stage3,medium,646,,,,92e0d51aa2536a9417b3721ee4f15c058c43f347bb3a9086aa9239c61ab6a9ca,8a62f44686a717446607a3d0303285188fa60d19339eef92a626f729f6333117,c4c80247934b86c0254ae525e3183365e46fa8f51821cd4f3478a918df01ecbc,8a62f44686a717446607a3d0303285188fa60d19339eef92a626f729f6333117,batch
stage3_strict,Stage 3 Strict,cascade_stage3,strict,62,,,,92e0d51aa2536a9417b3721ee4f15c058c43f347bb3a9086aa9239c61ab6a9ca,8a62f44686a717446607a3d0303285188fa60d19339eef92a626f729f6333117,c4c80247934b86c0254ae525e3183365e46fa8f51821cd4f3478a918df01ecbc,8a62f44686a717446607a3d0303285188fa60d19339eef92a626f729f6333117,batch
