model_id,model,variant_family,stage3_mode,alert_count_test_rows,precision,recall,f1,stage_truth_hash,parent_gold_truth_hash,meta__truth_hash,meta__parent_truth_hash,meta__pipeline_mode
baseline,Baseline IsolationForest,baseline,none,1522,0.04664914586070959,0.6016949152542372,0.08658536585365853,e10578c5221a69af7b7e44aaa1eee3ea0ca4e27b14141b37d05145c647af8b3e,2559611526a1819708cb9efaa89724883546b6ec06641d27c4622cd628a6b899,81483c90a14db8dadbad58dc2983af14c411b397fc487b7ebe9c830b6c759143,2559611526a1819708cb9efaa89724883546b6ec06641d27c4622cd628a6b899,batch
cascade_default,Cascade Default,cascade,none,1166,0.05574614065180103,0.5508474576271186,0.10124610591900311,2a32fb3039bcf99fe746fc6d3c95225162ad1da8e3062bd6638bf38af617f811,2559611526a1819708cb9efaa89724883546b6ec06641d27c4622cd628a6b899,81483c90a14db8dadbad58dc2983af14c411b397fc487b7ebe9c830b6c759143,2559611526a1819708cb9efaa89724883546b6ec06641d27c4622cd628a6b899,batch
cascade_tuned,Cascade Tuned,cascade,none,646,0.09287925696594428,0.5084745762711864,0.15706806282722513,10d6c8bf49377c40a5d13b52196251367797c86ef1ae47989affeef72bbee888,2559611526a1819708cb9efaa89724883546b6ec06641d27c4622cd628a6b899,81483c90a14db8dadbad58dc2983af14c411b397fc487b7ebe9c830b6c759143,2559611526a1819708cb9efaa89724883546b6ec06641d27c4622cd628a6b899,batch
stage3_relaxed,Stage 3 Relaxed,cascade_stage3,relaxed,646,0.09287925696594428,0.5084745762711864,0.15706806282722513,b06de3ab80ca91e96a8ecc60238ae54e48dae83e8e01f98ed323710381bc96bd,2559611526a1819708cb9efaa89724883546b6ec06641d27c4622cd628a6b899,81483c90a14db8dadbad58dc2983af14c411b397fc487b7ebe9c830b6c759143,2559611526a1819708cb9efaa89724883546b6ec06641d27c4622cd628a6b899,batch
stage3_medium,Stage 3 Medium,cascade_stage3,medium,579,0.09844559585492228,0.4830508474576271,0.16355810616929697,b06de3ab80ca91e96a8ecc60238ae54e48dae83e8e01f98ed323710381bc96bd,2559611526a1819708cb9efaa89724883546b6ec06641d27c4622cd628a6b899,81483c90a14db8dadbad58dc2983af14c411b397fc487b7ebe9c830b6c759143,2559611526a1819708cb9efaa89724883546b6ec06641d27c4622cd628a6b899,batch
stage3_strict,Stage 3 Strict,cascade_stage3,strict,111,0.23423423423423423,0.22033898305084745,0.22707423580786026,b06de3ab80ca91e96a8ecc60238ae54e48dae83e8e01f98ed323710381bc96bd,2559611526a1819708cb9efaa89724883546b6ec06641d27c4622cd628a6b899,81483c90a14db8dadbad58dc2983af14c411b397fc487b7ebe9c830b6c759143,2559611526a1819708cb9efaa89724883546b6ec06641d27c4622cd628a6b899,batch
