model_id,model,variant_family,stage3_mode,alert_count_test_rows,precision,recall,f1,stage_truth_hash,parent_gold_truth_hash,meta__truth_hash,meta__parent_truth_hash,meta__pipeline_mode
baseline,Baseline IsolationForest,baseline,none,1522,0.04664914586070959,0.6016949152542372,0.08658536585365853,c03a2caa627b6c35a025fca24795f3d823e8ccd3c1ef5a471284c9904e7b1fd6,8a62f44686a717446607a3d0303285188fa60d19339eef92a626f729f6333117,e7dc1d05280bfad053aec78dddb41dc8149a400de963631e3bec8aff724df892,8a62f44686a717446607a3d0303285188fa60d19339eef92a626f729f6333117,batch
cascade_default,Cascade Default,cascade,none,1166,0.05574614065180103,0.5508474576271186,0.10124610591900311,4ca83dd98b3749d75e93771878403f0c4de2eb635699591fdaf1d188645b1c44,8a62f44686a717446607a3d0303285188fa60d19339eef92a626f729f6333117,e7dc1d05280bfad053aec78dddb41dc8149a400de963631e3bec8aff724df892,8a62f44686a717446607a3d0303285188fa60d19339eef92a626f729f6333117,batch
cascade_tuned,Cascade Tuned,cascade,none,646,0.09287925696594428,0.5084745762711864,0.15706806282722513,7adfda2b0db4b2f468225af8ad1e0c10e172be0688272668dab797bc9711d977,8a62f44686a717446607a3d0303285188fa60d19339eef92a626f729f6333117,e7dc1d05280bfad053aec78dddb41dc8149a400de963631e3bec8aff724df892,8a62f44686a717446607a3d0303285188fa60d19339eef92a626f729f6333117,batch
stage3_relaxed,Stage 3 Relaxed,cascade_stage3,relaxed,646,0.09287925696594428,0.5084745762711864,0.15706806282722513,8651506f574fef8a7f32e8c200914afa1b2ac66a1f72fa487993f2a1df01a6ca,8a62f44686a717446607a3d0303285188fa60d19339eef92a626f729f6333117,e7dc1d05280bfad053aec78dddb41dc8149a400de963631e3bec8aff724df892,8a62f44686a717446607a3d0303285188fa60d19339eef92a626f729f6333117,batch
stage3_medium,Stage 3 Medium,cascade_stage3,medium,579,0.09844559585492228,0.4830508474576271,0.16355810616929697,8651506f574fef8a7f32e8c200914afa1b2ac66a1f72fa487993f2a1df01a6ca,8a62f44686a717446607a3d0303285188fa60d19339eef92a626f729f6333117,e7dc1d05280bfad053aec78dddb41dc8149a400de963631e3bec8aff724df892,8a62f44686a717446607a3d0303285188fa60d19339eef92a626f729f6333117,batch
stage3_strict,Stage 3 Strict,cascade_stage3,strict,111,0.23423423423423423,0.22033898305084745,0.22707423580786026,8651506f574fef8a7f32e8c200914afa1b2ac66a1f72fa487993f2a1df01a6ca,8a62f44686a717446607a3d0303285188fa60d19339eef92a626f729f6333117,e7dc1d05280bfad053aec78dddb41dc8149a400de963631e3bec8aff724df892,8a62f44686a717446607a3d0303285188fa60d19339eef92a626f729f6333117,batch
