model_id,model,variant_family,stage3_mode,alert_count_test_rows,precision,recall,f1,stage_truth_hash,parent_gold_truth_hash,meta__truth_hash,meta__parent_truth_hash,meta__pipeline_mode
baseline,Baseline IsolationForest,baseline,none,1522,0.04664914586070959,0.6016949152542372,0.08658536585365853,92bbf2bc04a1365f1e6088b87c317f98272df19d22c002c8c9d3199675a310e4,e78cce44ff6cdb68a70475f019e826d2ca15edd429584f2d7835d6c7a05e682b,8173aafae7cc326a6b7e261124da9fe88f1cc20b29de4ed4eb08903b0d6b3659,e78cce44ff6cdb68a70475f019e826d2ca15edd429584f2d7835d6c7a05e682b,batch
cascade_default,Cascade Default,cascade,none,1166,0.05574614065180103,0.5508474576271186,0.10124610591900311,e46a992347075a34cfbdc1edbf8a2aaf6afb85fea0799f4ac985e5a70282f36f,e78cce44ff6cdb68a70475f019e826d2ca15edd429584f2d7835d6c7a05e682b,8173aafae7cc326a6b7e261124da9fe88f1cc20b29de4ed4eb08903b0d6b3659,e78cce44ff6cdb68a70475f019e826d2ca15edd429584f2d7835d6c7a05e682b,batch
cascade_tuned,Cascade Tuned,cascade,none,646,0.09287925696594428,0.5084745762711864,0.15706806282722513,39d5d6c1923ad981dd2a04f5c94940d1df297e19713f56f8f8834c91e144770d,e78cce44ff6cdb68a70475f019e826d2ca15edd429584f2d7835d6c7a05e682b,8173aafae7cc326a6b7e261124da9fe88f1cc20b29de4ed4eb08903b0d6b3659,e78cce44ff6cdb68a70475f019e826d2ca15edd429584f2d7835d6c7a05e682b,batch
stage3_relaxed,Stage 3 Relaxed,cascade_stage3,relaxed,646,0.09287925696594428,0.5084745762711864,0.15706806282722513,ee875c49ea3c9183e193816b7f48bb7103c1bf94205f0a9d74f4e913fc074524,e78cce44ff6cdb68a70475f019e826d2ca15edd429584f2d7835d6c7a05e682b,8173aafae7cc326a6b7e261124da9fe88f1cc20b29de4ed4eb08903b0d6b3659,e78cce44ff6cdb68a70475f019e826d2ca15edd429584f2d7835d6c7a05e682b,batch
stage3_medium,Stage 3 Medium,cascade_stage3,medium,579,0.09844559585492228,0.4830508474576271,0.16355810616929697,ee875c49ea3c9183e193816b7f48bb7103c1bf94205f0a9d74f4e913fc074524,e78cce44ff6cdb68a70475f019e826d2ca15edd429584f2d7835d6c7a05e682b,8173aafae7cc326a6b7e261124da9fe88f1cc20b29de4ed4eb08903b0d6b3659,e78cce44ff6cdb68a70475f019e826d2ca15edd429584f2d7835d6c7a05e682b,batch
stage3_strict,Stage 3 Strict,cascade_stage3,strict,111,0.23423423423423423,0.22033898305084745,0.22707423580786026,ee875c49ea3c9183e193816b7f48bb7103c1bf94205f0a9d74f4e913fc074524,e78cce44ff6cdb68a70475f019e826d2ca15edd429584f2d7835d6c7a05e682b,8173aafae7cc326a6b7e261124da9fe88f1cc20b29de4ed4eb08903b0d6b3659,e78cce44ff6cdb68a70475f019e826d2ca15edd429584f2d7835d6c7a05e682b,batch
