{
  "baseline_alert_count_test_rows": 1522,
  "cascade_default_alert_count_test_rows": 1166,
  "cascade_tuned_alert_count_test_rows": 646,
  "stage3_relaxed_alert_count_test_rows": 646,
  "stage3_medium_alert_count_test_rows": 579,
  "stage3_strict_alert_count_test_rows": 111,
  "baseline_vs_default_alert_reduction_count": 356,
  "baseline_vs_default_alert_reduction_ratio": 0.23390275952693823,
  "baseline_vs_tuned_alert_reduction_count": 876,
  "baseline_vs_tuned_alert_reduction_ratio": 0.5755584756898817,
  "baseline_vs_stage3_relaxed_alert_reduction_count": 876,
  "baseline_vs_stage3_relaxed_alert_reduction_ratio": 0.5755584756898817,
  "baseline_vs_stage3_medium_alert_reduction_count": 943,
  "baseline_vs_stage3_medium_alert_reduction_ratio": 0.6195795006570303,
  "baseline_vs_stage3_strict_alert_reduction_count": 1411,
  "baseline_vs_stage3_strict_alert_reduction_ratio": 0.9270696452036794,
  "default_vs_tuned_alert_change_count": 520,
  "tuned_vs_stage3_relaxed_alert_change_count": 0,
  "tuned_vs_stage3_medium_alert_change_count": 67,
  "tuned_vs_stage3_strict_alert_change_count": 535,
  "baseline_precision": 0.04664914586070959,
  "baseline_recall": 0.6016949152542372,
  "baseline_f1": 0.08658536585365853,
  "cascade_default_precision": 0.05574614065180103,
  "cascade_default_recall": 0.5508474576271186,
  "cascade_default_f1": 0.10124610591900311,
  "cascade_tuned_precision": 0.09287925696594428,
  "cascade_tuned_recall": 0.5084745762711864,
  "cascade_tuned_f1": 0.15706806282722513,
  "stage3_relaxed_precision": 0.09287925696594428,
  "stage3_relaxed_recall": 0.5084745762711864,
  "stage3_relaxed_f1": 0.15706806282722513,
  "stage3_medium_precision": 0.09844559585492228,
  "stage3_medium_recall": 0.4830508474576271,
  "stage3_medium_f1": 0.16355810616929697,
  "stage3_strict_precision": 0.23423423423423423,
  "stage3_strict_recall": 0.22033898305084745,
  "stage3_strict_f1": 0.22707423580786026,
  "best_model_by_precision": "stage3_strict",
  "best_model_by_recall": "baseline",
  "best_model_by_f1": "stage3_strict",
  "best_model_by_alert_reduction": "stage3_strict",
  "baseline_truth_hash": "23cfdf317382ede4f2e9a130d2b3a7b6c3aa59f96b394c4e4e22de3c9f70c644",
  "baseline_truth_path": "/workspace/artifacts/truths/gold_baseline/pump__gold_baseline__truth__23cfdf317382ede4f2e9a130d2b3a7b6c3aa59f96b394c4e4e22de3c9f70c644.json",
  "cascade_default_truth_hash": "de2f210c6130856e2b88eaa5a247edb789e308d0056d2cbd63c1e1fcdb8c2372",
  "cascade_default_truth_path": "/workspace/artifacts/truths/gold_cascade/pump__gold_cascade__truth__de2f210c6130856e2b88eaa5a247edb789e308d0056d2cbd63c1e1fcdb8c2372.json",
  "cascade_tuned_truth_hash": "b17494b47d57b2187cc155fbf36ac428aa2dd04b0fa916a4ce847a7ad973a527",
  "cascade_tuned_truth_path": "/workspace/artifacts/truths/gold_cascade/pump__gold_cascade__truth__b17494b47d57b2187cc155fbf36ac428aa2dd04b0fa916a4ce847a7ad973a527.json",
  "cascade_stage3_improved_truth_hash": "0278e56e65c16c12de78e2d5f55d33d68aaac97fc4f94858ed1dfb596174cda9",
  "cascade_stage3_improved_truth_path": "/workspace/artifacts/truths/gold_cascade/pump__gold_cascade__truth__0278e56e65c16c12de78e2d5f55d33d68aaac97fc4f94858ed1dfb596174cda9.json",
  "gold_truth_hash": "d6c00152ed2f56139b4292f313a83aace2cfed3514a960c466053606a9f0be4e",
  "gold_truth_path": "/workspace/artifacts/truths/gold/pump__gold__truth__d6c00152ed2f56139b4292f313a83aace2cfed3514a960c466053606a9f0be4e.json",
  "gold_process_run_id": "gold_process__20260405T042429Z",
  "gold_feature_set_id": "feature_set__bea5fdd737ae53fcd80ca84cafcd0c40",
  "comparison_truth_hash": "4344b141102f7971503aa103c01a8dce42534f6143a2e4cc804ebfc824ce1590",
  "comparison_truth_path": "/workspace/artifacts/truths/gold_comparison/pump__gold_comparison__truth__4344b141102f7971503aa103c01a8dce42534f6143a2e4cc804ebfc824ce1590.json",
  "comparison_process_run_id": "gold_comparison__20260405T063943Z"
}