model_id,model,variant_family,stage3_mode,alert_count_test_rows,precision,recall,f1,stage_truth_hash,parent_gold_truth_hash,meta__truth_hash,meta__parent_truth_hash,meta__pipeline_mode
baseline,Baseline IsolationForest,baseline,none,40771,0.002894214024674401,1.0,0.005771723446403678,d389622a8956a1184a84a190226f78ce9bda60288970720bdb65d3b009b28d3d,8bcaa53e4b2575ec9b583b5b22882027eeed91208f9979cafa5b273cf1841a1f,5beba043d4dc62b9300827b74218d8405a3f45a9962dc9b2638591bb3843f971,8bcaa53e4b2575ec9b583b5b22882027eeed91208f9979cafa5b273cf1841a1f,batch
cascade_default,Cascade Default,cascade,none,42258,0.0027687065171091863,0.9915254237288136,0.005521993581272418,1c80021d9e36cd686bbb99a2d7687f51de1f756e2d4117a77086ca0a36d47605,8bcaa53e4b2575ec9b583b5b22882027eeed91208f9979cafa5b273cf1841a1f,5beba043d4dc62b9300827b74218d8405a3f45a9962dc9b2638591bb3843f971,8bcaa53e4b2575ec9b583b5b22882027eeed91208f9979cafa5b273cf1841a1f,batch
cascade_tuned,Cascade Tuned,cascade,none,42258,0.0027687065171091863,0.9915254237288136,0.005521993581272418,3f0ce1b01a681eb2bb76c6846bbc4656cd3037a47f77019ac4f4299d474ff4f9,8bcaa53e4b2575ec9b583b5b22882027eeed91208f9979cafa5b273cf1841a1f,5beba043d4dc62b9300827b74218d8405a3f45a9962dc9b2638591bb3843f971,8bcaa53e4b2575ec9b583b5b22882027eeed91208f9979cafa5b273cf1841a1f,batch
stage3_relaxed,Stage 3 Relaxed,cascade_stage3,relaxed,42258,0.0027687065171091863,0.9915254237288136,0.005521993581272418,7c54f3d242e27a98df4c6c205e353a6f66041ecd509dabcfc176c27450448320,8bcaa53e4b2575ec9b583b5b22882027eeed91208f9979cafa5b273cf1841a1f,5beba043d4dc62b9300827b74218d8405a3f45a9962dc9b2638591bb3843f971,8bcaa53e4b2575ec9b583b5b22882027eeed91208f9979cafa5b273cf1841a1f,batch
stage3_medium,Stage 3 Medium,cascade_stage3,medium,19740,0.005775075987841946,0.9661016949152542,0.01148151878336187,7c54f3d242e27a98df4c6c205e353a6f66041ecd509dabcfc176c27450448320,8bcaa53e4b2575ec9b583b5b22882027eeed91208f9979cafa5b273cf1841a1f,5beba043d4dc62b9300827b74218d8405a3f45a9962dc9b2638591bb3843f971,8bcaa53e4b2575ec9b583b5b22882027eeed91208f9979cafa5b273cf1841a1f,batch
stage3_strict,Stage 3 Strict,cascade_stage3,strict,169,0.20710059171597633,0.2966101694915254,0.24390243902439024,7c54f3d242e27a98df4c6c205e353a6f66041ecd509dabcfc176c27450448320,8bcaa53e4b2575ec9b583b5b22882027eeed91208f9979cafa5b273cf1841a1f,5beba043d4dc62b9300827b74218d8405a3f45a9962dc9b2638591bb3843f971,8bcaa53e4b2575ec9b583b5b22882027eeed91208f9979cafa5b273cf1841a1f,batch
