model_id,model,variant_family,stage3_mode,alert_count_test_rows,precision,recall,f1,stage_truth_hash,parent_gold_truth_hash,meta__truth_hash,meta__parent_truth_hash,meta__pipeline_mode
baseline,Baseline IsolationForest,baseline,none,31200,0.003782051282051282,1.0,0.00753560252889712,f9afef1dc475a059d42d965f1ba47359920e0843834199b3ba6fe37f98e000d6,8bcaa53e4b2575ec9b583b5b22882027eeed91208f9979cafa5b273cf1841a1f,eedd1150d5b13d721cb9de1083ff34b206bf95ef86f36acafae292b804b63df0,8bcaa53e4b2575ec9b583b5b22882027eeed91208f9979cafa5b273cf1841a1f,batch
cascade_default,Cascade Default,cascade,none,24894,0.0030931148067807504,0.652542372881356,0.00615704461858308,55875f15352fe57e001786c6752d15a158e856bfaa5b5fc4eada7fe43a0675d2,8bcaa53e4b2575ec9b583b5b22882027eeed91208f9979cafa5b273cf1841a1f,eedd1150d5b13d721cb9de1083ff34b206bf95ef86f36acafae292b804b63df0,8bcaa53e4b2575ec9b583b5b22882027eeed91208f9979cafa5b273cf1841a1f,batch
cascade_tuned,Cascade Tuned,cascade,none,15153,0.005345476143337953,0.6864406779661016,0.01060834261017615,5f529023f901ae361b587563879aaa159594fbb406f18d98ac1007a989e22ea4,8bcaa53e4b2575ec9b583b5b22882027eeed91208f9979cafa5b273cf1841a1f,eedd1150d5b13d721cb9de1083ff34b206bf95ef86f36acafae292b804b63df0,8bcaa53e4b2575ec9b583b5b22882027eeed91208f9979cafa5b273cf1841a1f,batch
stage3_relaxed,Stage 3 Relaxed,cascade_stage3,relaxed,42258,0.0027687065171091863,0.9915254237288136,0.005521993581272418,7c54f3d242e27a98df4c6c205e353a6f66041ecd509dabcfc176c27450448320,8bcaa53e4b2575ec9b583b5b22882027eeed91208f9979cafa5b273cf1841a1f,eedd1150d5b13d721cb9de1083ff34b206bf95ef86f36acafae292b804b63df0,8bcaa53e4b2575ec9b583b5b22882027eeed91208f9979cafa5b273cf1841a1f,batch
stage3_medium,Stage 3 Medium,cascade_stage3,medium,19740,0.005775075987841946,0.9661016949152542,0.01148151878336187,7c54f3d242e27a98df4c6c205e353a6f66041ecd509dabcfc176c27450448320,8bcaa53e4b2575ec9b583b5b22882027eeed91208f9979cafa5b273cf1841a1f,eedd1150d5b13d721cb9de1083ff34b206bf95ef86f36acafae292b804b63df0,8bcaa53e4b2575ec9b583b5b22882027eeed91208f9979cafa5b273cf1841a1f,batch
stage3_strict,Stage 3 Strict,cascade_stage3,strict,169,0.20710059171597633,0.2966101694915254,0.24390243902439024,7c54f3d242e27a98df4c6c205e353a6f66041ecd509dabcfc176c27450448320,8bcaa53e4b2575ec9b583b5b22882027eeed91208f9979cafa5b273cf1841a1f,eedd1150d5b13d721cb9de1083ff34b206bf95ef86f36acafae292b804b63df0,8bcaa53e4b2575ec9b583b5b22882027eeed91208f9979cafa5b273cf1841a1f,batch
