{
  "baseline_alert_count_test_rows": 1522,
  "cascade_default_alert_count_test_rows": 1166,
  "cascade_tuned_alert_count_test_rows": 646,
  "stage3_relaxed_alert_count_test_rows": 646,
  "stage3_medium_alert_count_test_rows": 579,
  "stage3_strict_alert_count_test_rows": 111,
  "baseline_vs_default_alert_reduction_count": 356,
  "baseline_vs_default_alert_reduction_ratio": 0.23390275952693823,
  "baseline_vs_tuned_alert_reduction_count": 876,
  "baseline_vs_tuned_alert_reduction_ratio": 0.5755584756898817,
  "baseline_vs_stage3_relaxed_alert_reduction_count": 876,
  "baseline_vs_stage3_relaxed_alert_reduction_ratio": 0.5755584756898817,
  "baseline_vs_stage3_medium_alert_reduction_count": 943,
  "baseline_vs_stage3_medium_alert_reduction_ratio": 0.6195795006570303,
  "baseline_vs_stage3_strict_alert_reduction_count": 1411,
  "baseline_vs_stage3_strict_alert_reduction_ratio": 0.9270696452036794,
  "default_vs_tuned_alert_change_count": 520,
  "tuned_vs_stage3_relaxed_alert_change_count": 0,
  "tuned_vs_stage3_medium_alert_change_count": 67,
  "tuned_vs_stage3_strict_alert_change_count": 535,
  "baseline_precision": 0.04664914586070959,
  "baseline_recall": 0.6016949152542372,
  "baseline_f1": 0.08658536585365853,
  "cascade_default_precision": 0.05574614065180103,
  "cascade_default_recall": 0.5508474576271186,
  "cascade_default_f1": 0.10124610591900311,
  "cascade_tuned_precision": 0.09287925696594428,
  "cascade_tuned_recall": 0.5084745762711864,
  "cascade_tuned_f1": 0.15706806282722513,
  "stage3_relaxed_precision": 0.09287925696594428,
  "stage3_relaxed_recall": 0.5084745762711864,
  "stage3_relaxed_f1": 0.15706806282722513,
  "stage3_medium_precision": 0.09844559585492228,
  "stage3_medium_recall": 0.4830508474576271,
  "stage3_medium_f1": 0.16355810616929697,
  "stage3_strict_precision": 0.23423423423423423,
  "stage3_strict_recall": 0.22033898305084745,
  "stage3_strict_f1": 0.22707423580786026,
  "best_model_by_precision": "stage3_strict",
  "best_model_by_recall": "baseline",
  "best_model_by_f1": "stage3_strict",
  "best_model_by_alert_reduction": "stage3_strict",
  "baseline_truth_hash": "c03a2caa627b6c35a025fca24795f3d823e8ccd3c1ef5a471284c9904e7b1fd6",
  "baseline_truth_path": "/workspace/artifacts/truths/gold_baseline/pump__gold_baseline__truth__c03a2caa627b6c35a025fca24795f3d823e8ccd3c1ef5a471284c9904e7b1fd6.json",
  "cascade_default_truth_hash": "4ca83dd98b3749d75e93771878403f0c4de2eb635699591fdaf1d188645b1c44",
  "cascade_default_truth_path": "/workspace/artifacts/truths/gold_cascade/pump__gold_cascade__truth__4ca83dd98b3749d75e93771878403f0c4de2eb635699591fdaf1d188645b1c44.json",
  "cascade_tuned_truth_hash": "7adfda2b0db4b2f468225af8ad1e0c10e172be0688272668dab797bc9711d977",
  "cascade_tuned_truth_path": "/workspace/artifacts/truths/gold_cascade/pump__gold_cascade__truth__7adfda2b0db4b2f468225af8ad1e0c10e172be0688272668dab797bc9711d977.json",
  "cascade_stage3_improved_truth_hash": "8651506f574fef8a7f32e8c200914afa1b2ac66a1f72fa487993f2a1df01a6ca",
  "cascade_stage3_improved_truth_path": "/workspace/artifacts/truths/gold_cascade/pump__gold_cascade__truth__8651506f574fef8a7f32e8c200914afa1b2ac66a1f72fa487993f2a1df01a6ca.json",
  "gold_truth_hash": "8a62f44686a717446607a3d0303285188fa60d19339eef92a626f729f6333117",
  "gold_truth_path": "/workspace/artifacts/truths/gold/pump__gold__truth__8a62f44686a717446607a3d0303285188fa60d19339eef92a626f729f6333117.json",
  "gold_process_run_id": "gold_process__20260322T081446Z",
  "gold_feature_set_id": "feature_set__bea5fdd737ae53fcd80ca84cafcd0c40",
  "comparison_truth_hash": "e7dc1d05280bfad053aec78dddb41dc8149a400de963631e3bec8aff724df892",
  "comparison_truth_path": "/workspace/artifacts/truths/gold_comparison/pump__gold_comparison__truth__e7dc1d05280bfad053aec78dddb41dc8149a400de963631e3bec8aff724df892.json",
  "comparison_process_run_id": "gold_comparision__20260324T230754Z"
}