{
  "baseline_alert_count_test_rows": 1522,
  "cascade_default_alert_count_test_rows": 1166,
  "cascade_tuned_alert_count_test_rows": 646,
  "stage3_relaxed_alert_count_test_rows": 646,
  "stage3_medium_alert_count_test_rows": 579,
  "stage3_strict_alert_count_test_rows": 111,
  "baseline_vs_default_alert_reduction_count": 356,
  "baseline_vs_default_alert_reduction_ratio": 0.23390275952693823,
  "baseline_vs_tuned_alert_reduction_count": 876,
  "baseline_vs_tuned_alert_reduction_ratio": 0.5755584756898817,
  "baseline_vs_stage3_relaxed_alert_reduction_count": 876,
  "baseline_vs_stage3_relaxed_alert_reduction_ratio": 0.5755584756898817,
  "baseline_vs_stage3_medium_alert_reduction_count": 943,
  "baseline_vs_stage3_medium_alert_reduction_ratio": 0.6195795006570303,
  "baseline_vs_stage3_strict_alert_reduction_count": 1411,
  "baseline_vs_stage3_strict_alert_reduction_ratio": 0.9270696452036794,
  "default_vs_tuned_alert_change_count": 520,
  "tuned_vs_stage3_relaxed_alert_change_count": 0,
  "tuned_vs_stage3_medium_alert_change_count": 67,
  "tuned_vs_stage3_strict_alert_change_count": 535,
  "baseline_precision": 0.04664914586070959,
  "baseline_recall": 0.6016949152542372,
  "baseline_f1": 0.08658536585365853,
  "cascade_default_precision": 0.05574614065180103,
  "cascade_default_recall": 0.5508474576271186,
  "cascade_default_f1": 0.10124610591900311,
  "cascade_tuned_precision": 0.09287925696594428,
  "cascade_tuned_recall": 0.5084745762711864,
  "cascade_tuned_f1": 0.15706806282722513,
  "stage3_relaxed_precision": 0.09287925696594428,
  "stage3_relaxed_recall": 0.5084745762711864,
  "stage3_relaxed_f1": 0.15706806282722513,
  "stage3_medium_precision": 0.09844559585492228,
  "stage3_medium_recall": 0.4830508474576271,
  "stage3_medium_f1": 0.16355810616929697,
  "stage3_strict_precision": 0.23423423423423423,
  "stage3_strict_recall": 0.22033898305084745,
  "stage3_strict_f1": 0.22707423580786026,
  "best_model_by_precision": "stage3_strict",
  "best_model_by_recall": "baseline",
  "best_model_by_f1": "stage3_strict",
  "best_model_by_alert_reduction": "stage3_strict",
  "baseline_truth_hash": "92bbf2bc04a1365f1e6088b87c317f98272df19d22c002c8c9d3199675a310e4",
  "baseline_truth_path": "/workspace/artifacts/truths/gold_baseline/pump__gold_baseline__truth__92bbf2bc04a1365f1e6088b87c317f98272df19d22c002c8c9d3199675a310e4.json",
  "cascade_default_truth_hash": "e46a992347075a34cfbdc1edbf8a2aaf6afb85fea0799f4ac985e5a70282f36f",
  "cascade_default_truth_path": "/workspace/artifacts/truths/gold_cascade/pump__gold_cascade__truth__e46a992347075a34cfbdc1edbf8a2aaf6afb85fea0799f4ac985e5a70282f36f.json",
  "cascade_tuned_truth_hash": "39d5d6c1923ad981dd2a04f5c94940d1df297e19713f56f8f8834c91e144770d",
  "cascade_tuned_truth_path": "/workspace/artifacts/truths/gold_cascade/pump__gold_cascade__truth__39d5d6c1923ad981dd2a04f5c94940d1df297e19713f56f8f8834c91e144770d.json",
  "cascade_stage3_improved_truth_hash": "ee875c49ea3c9183e193816b7f48bb7103c1bf94205f0a9d74f4e913fc074524",
  "cascade_stage3_improved_truth_path": "/workspace/artifacts/truths/gold_cascade/pump__gold_cascade__truth__ee875c49ea3c9183e193816b7f48bb7103c1bf94205f0a9d74f4e913fc074524.json",
  "gold_truth_hash": "e78cce44ff6cdb68a70475f019e826d2ca15edd429584f2d7835d6c7a05e682b",
  "gold_truth_path": "/workspace/artifacts/truths/gold/pump__gold__truth__e78cce44ff6cdb68a70475f019e826d2ca15edd429584f2d7835d6c7a05e682b.json",
  "gold_process_run_id": "gold_process__20260414T150509Z",
  "gold_feature_set_id": "feature_set__bea5fdd737ae53fcd80ca84cafcd0c40",
  "comparison_truth_hash": "8173aafae7cc326a6b7e261124da9fe88f1cc20b29de4ed4eb08903b0d6b3659",
  "comparison_truth_path": "/workspace/artifacts/truths/gold_comparison/pump__gold_comparison__truth__8173aafae7cc326a6b7e261124da9fe88f1cc20b29de4ed4eb08903b0d6b3659.json",
  "comparison_process_run_id": "gold_comparison__20260414T210601Z"
}