model_id,model,variant_family,stage3_mode,alert_count_test_rows,precision,recall,f1,stage_truth_hash,parent_gold_truth_hash,meta__truth_hash,meta__parent_truth_hash,meta__pipeline_mode
baseline,Baseline IsolationForest,baseline,none,0,0.0,0.0,0.0,e5e156cb95697652759628f822c8f44952b4daf59ebbfba284e7876fc471dbb8,c1d70199c558a4e1ef0e267c383c67a500aaa7ded108ce5aafaf63aa257968da,dd9784827594460a80d66e28e1c0fe8eb91386861e6799033239ab236856c071,c1d70199c558a4e1ef0e267c383c67a500aaa7ded108ce5aafaf63aa257968da,batch
cascade_default,Cascade Default,cascade,none,31162,0.002856042616006675,0.7542372881355932,0.005690537084398977,538f950b63499f6fb396233abc85047af99a66b4ad6fffca78e631f0f09909c8,c1d70199c558a4e1ef0e267c383c67a500aaa7ded108ce5aafaf63aa257968da,dd9784827594460a80d66e28e1c0fe8eb91386861e6799033239ab236856c071,c1d70199c558a4e1ef0e267c383c67a500aaa7ded108ce5aafaf63aa257968da,batch
cascade_tuned,Cascade Tuned,cascade,none,42258,0.0027687065171091863,0.9915254237288136,0.005521993581272418,e8ea6c49c3ae49124bb859a532400cf08a9b618be5cb0b904d543125c9ba5af0,c1d70199c558a4e1ef0e267c383c67a500aaa7ded108ce5aafaf63aa257968da,dd9784827594460a80d66e28e1c0fe8eb91386861e6799033239ab236856c071,c1d70199c558a4e1ef0e267c383c67a500aaa7ded108ce5aafaf63aa257968da,batch
stage3_relaxed,Stage 3 Relaxed,cascade_stage3,relaxed,42258,0.0027687065171091863,0.9915254237288136,0.005521993581272418,3b31b49806ff66b4e9c24fef1986bbe025cc121d8981c6ab3664bc29ef99ea70,c1d70199c558a4e1ef0e267c383c67a500aaa7ded108ce5aafaf63aa257968da,dd9784827594460a80d66e28e1c0fe8eb91386861e6799033239ab236856c071,c1d70199c558a4e1ef0e267c383c67a500aaa7ded108ce5aafaf63aa257968da,batch
stage3_medium,Stage 3 Medium,cascade_stage3,medium,19740,0.005775075987841946,0.9661016949152542,0.01148151878336187,3b31b49806ff66b4e9c24fef1986bbe025cc121d8981c6ab3664bc29ef99ea70,c1d70199c558a4e1ef0e267c383c67a500aaa7ded108ce5aafaf63aa257968da,dd9784827594460a80d66e28e1c0fe8eb91386861e6799033239ab236856c071,c1d70199c558a4e1ef0e267c383c67a500aaa7ded108ce5aafaf63aa257968da,batch
stage3_strict,Stage 3 Strict,cascade_stage3,strict,169,0.20710059171597633,0.2966101694915254,0.24390243902439024,3b31b49806ff66b4e9c24fef1986bbe025cc121d8981c6ab3664bc29ef99ea70,c1d70199c558a4e1ef0e267c383c67a500aaa7ded108ce5aafaf63aa257968da,dd9784827594460a80d66e28e1c0fe8eb91386861e6799033239ab236856c071,c1d70199c558a4e1ef0e267c383c67a500aaa7ded108ce5aafaf63aa257968da,batch
